feature,coefficient,abs_coef
gilded,1.860714424783507,1.860714424783507
is_top_level,-0.689741655804382,0.689741655804382
num_words,-0.11111644087315693,0.11111644087315693
punctuation_count,0.011398123929434791,0.011398123929434791
score,-0.00808410547888796,0.00808410547888796
hour,-0.0013852252578828318,0.0013852252578828318
body_length,-0.00024129647953790605,0.00024129647953790605
