accuracy,auc,f1,split
0.6496333024239591,0.7110264175225467,0.6704469700798178,train
0.6189185860327626,0.6560677047176551,0.6416579425361906,test
